Name,External_Part_Number__c 
Test100,Test100
Test101,Test101
Test102,Test102
Test103,Test103
Test104,Test104
Test105,Test105
Test106,Test106
Test107,Test107
Test108,Test108
Test109,Test109
Test110,Test110
Test111,Test111
Test112,Test112
Test113,Test113
Test114,Test114
Test115,Test115
Test116,Test116
Test117,Test117
Test118,Test118
Test119,Test119
Test120,Test120
Test121,Test121
Test122,Test122
Test123,Test123
Test124,Test124
Test125,Test125
Test126,Test126
Test127,Test127
Test128,Test128
Test129,Test129
Test130,Test130
Test131,Test131
Test132,Test132
Test133,Test133
Test134,Test134
Test135,Test135
Test136,Test136
Test137,Test137
Test138,Test138
Test139,Test139
Test140,Test140
Test141,Test141
Test142,Test142
Test143,Test143
Test144,Test144
Test145,Test145
Test146,Test146
Test147,Test147
Test148,Test148
Test149,Test149
Test150,Test150
Test151,Test151
Test152,Test152
Test153,Test153
Test154,Test154
Test155,Test155
Test156,Test156
Test157,Test157
Test158,Test158
Test159,Test159
Test160,Test160
Test161,Test161
Test162,Test162
Test163,Test163
Test164,Test164
Test165,Test165
Test166,Test166
Test167,Test167
Test168,Test168
Test169,Test169
Test170,Test170
Test171,Test171
Test172,Test172
Test173,Test173
Test174,Test174
Test175,Test175
Test176,Test176
Test177,Test177
Test178,Test178
Test179,Test179
Test180,Test180
Test181,Test181
Test182,Test182
Test183,Test183
Test184,Test184
Test185,Test185
Test186,Test186
Test187,Test187
Test188,Test188
Test189,Test189
Test190,Test190
Test191,Test191
Test192,Test192
Test193,Test193
Test194,Test194
Test195,Test195
Test196,Test196
Test197,Test197
Test198,Test198
Test199,Test199
